{"cameraMode":{"drawMode":0,"name":"Shaded","section":"Shading Mode"},"sceneLighting":true,"audioPlay":false,"sceneViewState":{"showFog":false,"showMaterialUpdate":false,"showSkybox":false,"showFlares":false,"showImageEffects":false,"showParticleSystems":false},"in2DMode":false,"pivot":{"x":0.03000020980834961,"y":1.760000228881836,"z":0.7300000190734863},"rotation":{"x":-0.004712719935923815,"y":-0.9893646836280823,"z":-0.14163389801979066,"w":0.03295174613595009},"size":34.12240982055664,"orthographic":false}