{"cameraMode":{"drawMode":0,"name":"Shaded","section":"Shading Mode"},"sceneLighting":false,"audioPlay":false,"sceneViewState":{"showFog":false,"showMaterialUpdate":false,"showSkybox":false,"showFlares":false,"showImageEffects":false,"showParticleSystems":false},"in2DMode":false,"pivot":{"x":11.113489151000977,"y":-8.588528633117676,"z":11.421935081481934},"rotation":{"x":-0.23811902105808259,"y":-0.2905489206314087,"z":0.07499010115861893,"w":-0.923751711845398},"size":24.72349739074707,"orthographic":false}