{"cameraMode":{"drawMode":0,"name":"Shaded","section":"Shading Mode"},"sceneLighting":false,"audioPlay":false,"sceneViewState":{"showFog":false,"showMaterialUpdate":false,"showSkybox":false,"showFlares":false,"showImageEffects":false,"showParticleSystems":false},"in2DMode":false,"pivot":{"x":0.1348450779914856,"y":0.5368050336837769,"z":0.2879164218902588},"rotation":{"x":0.03774828836321831,"y":-0.954711377620697,"z":-0.2608244717121124,"w":-0.13814891874790193},"size":2.8578836917877199,"orthographic":false}