{"cameraMode":{"drawMode":0,"name":"Shaded","section":"Shading Mode"},"sceneLighting":true,"audioPlay":false,"sceneViewState":{"showFog":false,"showMaterialUpdate":false,"showSkybox":false,"showFlares":false,"showImageEffects":false,"showParticleSystems":false},"in2DMode":false,"pivot":{"x":17.11624526977539,"y":-0.9925814270973206,"z":-23.0582218170166},"rotation":{"x":-0.025651562958955766,"y":-0.9610031843185425,"z":0.09577314555644989,"w":-0.25827452540397646},"size":24.72349739074707,"orthographic":false}